INSERT INTO T_CLIENTE (id_clientes, nm_cliente, nr_cpf, nr_rg, dt_nascimento, nr_telefone, sexo) VALUES 
(1, 'Carlos Almeida', '123.456.789-01', 'MG1234567', TO_DATE('1980-05-12', 'YYYY-MM-DD'), 31987654321, 'M'),
(2, 'Mariana Silva', '987.654.321-02', 'SP2345678', TO_DATE('1992-11-23', 'YYYY-MM-DD'), 11987654322, 'F'),
(3, 'Roberto Santos', '654.321.987-03', 'RJ3456789', TO_DATE('1985-04-15', 'YYYY-MM-DD'), 21987654323, 'M'),
(4, 'Fernanda Costa', '321.987.654-04', 'RS4567890', TO_DATE('1990-09-10', 'YYYY-MM-DD'), 51987654324, 'F'),
(5, 'Luiz Gonzaga', '567.123.890-05', 'PR5678901', TO_DATE('1988-01-30', 'YYYY-MM-DD'), 21987654325, 'M'),
(6, 'Ana Oliveira', '345.678.901-06', 'SC6789012', TO_DATE('1994-08-20', 'YYYY-MM-DD'), 71987654326, 'F'),
(7, 'Pedro Martins', '890.123.456-07', 'MG7890123', TO_DATE('1983-12-05', 'YYYY-MM-DD'), 31987654327, 'M'),
(8, 'Juliana Souza', '234.567.890-08', 'SP8901234', TO_DATE('1991-03-19', 'YYYY-MM-DD'), 11987654328, 'F'),
(9, 'Felipe Lima', '678.901.234-09', 'RJ9012345', TO_DATE('1986-07-22', 'YYYY-MM-DD'), 21987654329, 'M'),
(10, 'Bruna Rocha', '123.890.456-10', 'RS0123456', TO_DATE('1993-06-15', 'YYYY-MM-DD'), 51987654330, 'F'),
(11, 'Diego Nunes', '789.456.123-11', 'RJ1122334', TO_DATE('1989-02-28', 'YYYY-MM-DD'), 21987654331, 'M'),
(12, 'Patrícia Moreira', '456.789.123-12', 'SP2233445', TO_DATE('1984-07-16', 'YYYY-MM-DD'), 11987654332, 'F'),
(13, 'Fabiana Pereira', '123.654.789-13', 'MG3344556', TO_DATE('1995-03-12', 'YYYY-MM-DD'), 31987654333, 'F'),
(14, 'Gustavo Lima', '987.321.654-14', 'RS4455667', TO_DATE('1990-12-24', 'YYYY-MM-DD'), 51987654334, 'M'),
(15, 'Renata Braga', '321.456.987-15', 'PR5566778', TO_DATE('1986-06-08', 'YYYY-MM-DD'), 41987654335, 'F'),
(16, 'Thiago Sousa', '789.123.456-16', 'BA6677889', TO_DATE('1993-10-21', 'YYYY-MM-DD'), 71987654336, 'M'),
(17, 'Camila Fernandes', '654.789.321-17', 'SC7788990', TO_DATE('1988-04-25', 'YYYY-MM-DD'), 31987654337, 'F'),
(18, 'Marcelo Queiroz', '123.987.456-18', 'PE8899001', TO_DATE('1981-08-13', 'YYYY-MM-DD'), 81987654338, 'M'),
(19, 'Viviane Castro', '234.876.543-19', 'RJ9900112', TO_DATE('1987-11-30', 'YYYY-MM-DD'), 21987654339, 'F'),
(20, 'Rafael Borges', '678.543.210-20', 'SP0011223', TO_DATE('1991-05-05', 'YYYY-MM-DD'), 11987654340, 'M');

INSERT INTO T_ENDERECO (id_endereco, nm_logradouro, nm_bairro, nm_cidade, nm_estado, nr_cep, pt_referencia, id_clientes) VALUES 
(1, 'Rua A', 'Centro', 'São Paulo', 'SP', '01001-000', 'Próximo à estação', 1),
(2, 'Av. B', 'Jardim Paulista', 'São Paulo', 'SP', '01002-000', 'Ao lado do supermercado', 2),
(3, 'Rua C', 'Copacabana', 'Rio de Janeiro', 'RJ', '21000-000', 'Perto da praia', 3),
(4, 'Rua D', 'Leblon', 'Rio de Janeiro', 'RJ', '21001-000', 'Em frente ao shopping', 4),
(5, 'Av. E', 'Centro', 'Belo Horizonte', 'MG', '31000-000', 'Próximo ao hospital', 5),
(6, 'Rua F', 'Santo Amaro', 'São Paulo', 'SP', '01003-000', 'Atrás da escola', 6),
(7, 'Rua G', 'Barra', 'Salvador', 'BA', '40000-000', 'Perto do farol', 7),
(8, 'Av. H', 'Centro', 'Porto Alegre', 'RS', '90000-000', 'Ao lado da praça', 8),
(9, 'Rua I', 'Centro', 'Curitiba', 'PR', '80000-000', 'Próximo ao parque', 9),
(10, 'Rua J', 'Centro', 'Fortaleza', 'CE', '60000-000', 'Perto do mercado', 10),
(11, 'Rua K', 'Bela Vista', 'São Paulo', 'SP', '01004-000', 'Próximo ao teatro', 11),
(12, 'Av. L', 'Centro', 'Rio de Janeiro', 'RJ', '20000-000', 'Perto da praça', 12),
(13, 'Rua M', 'Liberdade', 'São Paulo', 'SP', '01005-000', 'Atrás do mercado', 13),
(14, 'Rua N', 'Vila Madalena', 'São Paulo', 'SP', '01006-000', 'Em frente ao bar', 14),
(15, 'Av. O', 'Santa Cecília', 'São Paulo', 'SP', '01007-000', 'Próximo ao metrô', 15),
(16, 'Rua P', 'Flamengo', 'Rio de Janeiro', 'RJ', '22000-000', 'Ao lado do hospital', 16),
(17, 'Av. Q', 'Centro', 'Belo Horizonte', 'MG', '30000-000', 'Perto da praça', 17),
(18, 'Rua R', 'Pampulha', 'Belo Horizonte', 'MG', '30001-000', 'Em frente ao estádio', 18),
(19, 'Av. S', 'Jardins', 'São Paulo', 'SP', '01008-000', 'Perto do shopping', 19),
(20, 'Rua T', 'Boa Viagem', 'Recife', 'PE', '50000-000', 'Próximo à praia', 20);

INSERT INTO T_ACESSO (id_acesso, email, senha, sit_acesso, dt_cadastro, id_clientes) VALUES 
(1, 'carlos.almeida@email.com', 'senha123', TRUE, TO_DATE(sysdate, 'YYYY-MM-DD'), 1),
(2, 'mariana.silva@email.com', 'senha456', TRUE, TO_DATE(sysdate, 'YYYY-MM-DD'), 2),
(3, 'roberto.santos@email.com', 'senha789', TRUE, TO_DATE(sysdate, 'YYYY-MM-DD'), 3),
(4, 'fernanda.costa@email.com', 'senha101', TRUE, TO_DATE(sysdate, 'YYYY-MM-DD'), 4),
(5, 'luiz.gonzaga@email.com', 'senha102', FALSE, TO_DATE(sysdate, 'YYYY-MM-DD'), 5),
(6, 'ana.oliveira@email.com', 'senha103', TRUE, TO_DATE(sysdate, 'YYYY-MM-DD'), 6),
(7, 'pedro.martins@email.com', 'senha104', FALSE, TO_DATE(sysdate, 'YYYY-MM-DD'), 7),
(8, 'juliana.souza@email.com', 'senha105', TRUE, TO_DATE(sysdate, 'YYYY-MM-DD'), 8),
(9, 'felipe.lima@email.com', 'senha106', TRUE, TO_DATE(sysdate, 'YYYY-MM-DD'), 9),
(10, 'bruna.rocha@email.com', 'senha107', FALSE, TO_DATE(sysdate, 'YYYY-MM-DD'), 10),
(11, 'diego.nunes@email.com', 'senha108', TRUE, TO_DATE(sysdate, 'YYYY-MM-DD'), 11),
(12, 'patricia.moreira@email.com', 'senha109', TRUE, TO_DATE(sysdate, 'YYYY-MM-DD'), 12),
(13, 'fabiana.pereira@email.com', 'senha110', FALSE, TO_DATE(sysdate, 'YYYY-MM-DD'), 13),
(14, 'gustavo.lima@email.com', 'senha111', TRUE, TO_DATE(sysdate, 'YYYY-MM-DD'), 14),
(15, 'renata.braga@email.com', 'senha112', TRUE, TO_DATE(sysdate, 'YYYY-MM-DD'), 15),
(16, 'thiago.sousa@email.com', 'senha113', FALSE, TO_DATE(sysdate, 'YYYY-MM-DD'), 16),
(17, 'camila.fernandes@email.com', 'senha114', TRUE, TO_DATE(sysdate, 'YYYY-MM-DD'), 17),
(18, 'marcelo.queiroz@email.com', 'senha115', TRUE, TO_DATE(sysdate, 'YYYY-MM-DD'), 18),
(19, 'viviane.castro@email.com', 'senha116', FALSE, TO_DATE(sysdate, 'YYYY-MM-DD'), 19),
(20, 'rafael.borges@email.com', 'senha117', TRUE, TO_DATE(sysdate, 'YYYY-MM-DD'), 20);


INSERT INTO T_CARRO (id_carro, nr_chassi, cilindrada, nm_marca, nm_modelo, nr_placa, ano_fabricacao, tp_veiculo, id_clientes) VALUES 
(1, '9BWZZZ377VT004251', '2000', 'Volkswagen', 'Gol', 'ABC1234', TO_DATE('2015-01-01', 'YYYY-MM-DD'), 'Hatch', 1),
(2, '8AGZZZ177WZ002345', '1600', 'Ford', 'Ka', 'DEF5678', TO_DATE('2018-03-05', 'YYYY-MM-DD'), 'Sedan', 2),
(3, '5ARZZZ333YR001789', '1400', 'Honda', 'Civic', 'GHI9012', TO_DATE('2020-04-10', 'YYYY-MM-DD'), 'Sedan', 3),
(4, '7BRZZZ444XT004125', '2200', 'Toyota', 'Corolla', 'JKL3456', TO_DATE('2016-07-15', 'YYYY-MM-DD'), 'Sedan', 4),
(5, '4ERZZZ555VR009876', '2500', 'Chevrolet', 'S10', 'MNO7890', TO_DATE('2019-08-20', 'YYYY-MM-DD'), 'Pickup', 5),
(6, '1HXZZZ888MV004251', '1800', 'Hyundai', 'HB20', 'PQR5678', TO_DATE('2017-05-20', 'YYYY-MM-DD'), 'Hatch', 11),
(7, '2ABZZZ999YZ002345', '1600', 'Chevrolet', 'Onix', 'STU9012', TO_DATE('2019-07-10', 'YYYY-MM-DD'), 'Sedan', 12),
(8, '3CDZZZ000VU001789', '1500', 'Ford', 'Ecosport', 'VWX3456', TO_DATE('2018-04-10', 'YYYY-MM-DD'), 'SUV', 13),
(9, '4EFZZZ111PL004125', '2200', 'Toyota', 'Hilux', 'XYZ7890', TO_DATE('2021-09-15', 'YYYY-MM-DD'), 'Pickup', 14),
(10, '5GHZZZ222LU009876', '1300', 'Nissan', 'March', 'ABC1235', TO_DATE('2016-11-01', 'YYYY-MM-DD'), 'Hatch', 15),
(11, '6IJZZZ333ML005421', '2000', 'Fiat', 'Toro', 'DEF5679', TO_DATE('2019-06-25', 'YYYY-MM-DD'), 'Pickup', 16),
(12, '7KLZZZ444NL004522', '2500', 'Volkswagen', 'Tiguan', 'GHI9013', TO_DATE('2020-08-30', 'YYYY-MM-DD'), 'SUV', 17),
(13, '8MNZZZ555OL007523', '1400', 'Honda', 'Fit', 'JKL3457', TO_DATE('2018-03-14', 'YYYY-MM-DD'), 'Minivan', 18),
(14, '9OPZZZ666QL008124', '3000', 'Chevrolet', 'Trailblazer', 'MNO7891', TO_DATE('2022-05-05', 'YYYY-MM-DD'), 'SUV', 19),
(15, '0QRZZZ777SL009325', '2100', 'Renault', 'Duster', 'PQR1234', TO_DATE('2015-12-12', 'YYYY-MM-DD'), 'SUV', 20);

INSERT INTO T_MOTOR (id_motor, qtd_combustivel, cilindrada, nr_potencia, id_carro) VALUES 
(1, '40 litros', '2000', '120cv', 1),
(2, '50 litros', '1600', '100cv', 2),
(3, '45 litros', '1400', '115cv', 3),
(4, '60 litros', '2200', '150cv', 4),
(5, '65 litros', '2500', '180cv', 5),
(6, '45 litros', '1800', '110cv', 6),
(7, '55 litros', '1600', '105cv', 7),
(8, '50 litros', '1500', '100cv', 8),
(9, '65 litros', '2200', '150cv', 9),
(10, '35 litros', '1300', '90cv', 10),
(11, '55 litros', '2000', '130cv', 11),
(12, '70 litros', '2500', '170cv', 12),
(13, '42 litros', '1400', '85cv', 13),
(14, '75 litros', '3000', '180cv', 14),
(15, '50 litros', '2100', '120cv', 15);

INSERT INTO T_ORCAMENTO (id_orcamento, vl_total, ct_pecas, tx_servico, dt_orcamento, id_carro) VALUES 
(1, 1200.00, 4, 200.00, TO_DATE('2023-05-10', 'YYYY-MM-DD'), 1),
(2, 2500.00, 6, 400.00, TO_DATE('2023-06-15', 'YYYY-MM-DD'), 2),
(3, 1800.00, 5, 300.00, TO_DATE('2023-07-20', 'YYYY-MM-DD'), 3),
(4, 3000.00, 8, 600.00, TO_DATE('2023-08-10', 'YYYY-MM-DD'), 4),
(5, 4000.00, 10, 800.00, TO_DATE('2023-09-25', 'YYYY-MM-DD'), 5),
(6, 1350.00, 3, 200.00, TO_DATE('2023-01-15', 'YYYY-MM-DD'), 6),
(7, 1600.00, 5, 250.00, TO_DATE('2023-02-17', 'YYYY-MM-DD'), 7),
(8, 2100.00, 4, 350.00, TO_DATE('2023-03-22', 'YYYY-MM-DD'), 8),
(9, 1900.00, 6, 275.00, TO_DATE('2023-04-19', 'YYYY-MM-DD'), 9),
(10, 2750.00, 7, 500.00, TO_DATE('2023-10-10', 'YYYY-MM-DD'), 10),
(11, 2300.00, 5, 400.00, TO_DATE('2023-11-08', 'YYYY-MM-DD'), 11),
(12, 2900.00, 6, 450.00, TO_DATE('2023-12-12', 'YYYY-MM-DD'), 12),
(13, 2600.00, 8, 550.00, TO_DATE('2023-06-25', 'YYYY-MM-DD'), 13),
(14, 3100.00, 10, 650.00, TO_DATE('2023-07-19', 'YYYY-MM-DD'), 14),
(15, 1500.00, 3, 150.00, TO_DATE('2023-05-01', 'YYYY-MM-DD'), 15);

INSERT INTO T_PROBLEMA_CARRO (id_problema_carro, gravidade, dt_deteccao, tp_problema, id_carro) VALUES 
(1, 'Alta', TO_DATE('2023-05-01', 'YYYY-MM-DD'), 'Problema no motor', 1),
(2, 'Média', TO_DATE('2023-06-11', 'YYYY-MM-DD'), 'Falha na suspensão', 2),
(3, 'Alta', TO_DATE('2023-07-15', 'YYYY-MM-DD'), 'Pane elétrica', 3),
(4, 'Baixa', TO_DATE('2023-08-02', 'YYYY-MM-DD'), 'Desgaste dos freios', 4),
(5, 'Média', TO_DATE('2023-09-18', 'YYYY-MM-DD'), 'Vazamento de óleo', 5),
(6, 'Alta', TO_DATE('2023-01-05', 'YYYY-MM-DD'), 'Falha no câmbio', 6),
(7, 'Média', TO_DATE('2023-02-08', 'YYYY-MM-DD'), 'Pane elétrica', 7),
(8, 'Alta', TO_DATE('2023-03-12', 'YYYY-MM-DD'), 'Problema nos freios', 8),
(9, 'Baixa', TO_DATE('2023-04-20', 'YYYY-MM-DD'), 'Desgaste na suspensão', 9),
(10, 'Média', TO_DATE('2023-05-15', 'YYYY-MM-DD'), 'Problema no motor', 10),
(11, 'Alta', TO_DATE('2023-06-30', 'YYYY-MM-DD'), 'Vazamento de óleo', 11),
(12, 'Média', TO_DATE('2023-07-25', 'YYYY-MM-DD'), 'Pane elétrica', 12),
(13, 'Baixa', TO_DATE('2023-08-05', 'YYYY-MM-DD'), 'Desgaste dos pneus', 13),
(14, 'Alta', TO_DATE('2023-09-10', 'YYYY-MM-DD'), 'Falha nos airbags', 14),
(15, 'Média', TO_DATE('2023-10-12', 'YYYY-MM-DD'), 'Falha no sistema de arrefecimento', 15);

INSERT INTO T_SOLUCAO (id_solucao, des_solucao, nr_pecas_usadas, temp_reparo, id_problema_carro) VALUES 
(1, 'Troca do motor', 'Motor completo', TO_DATE('2023-05-15', 'YYYY-MM-DD'), 1),
(2, 'Reparo da suspensão', 'Kit suspensão', TO_DATE('2023-06-20', 'YYYY-MM-DD'), 2),
(3, 'Reparo da parte elétrica', 'Fiação completa', TO_DATE('2023-07-30', 'YYYY-MM-DD'), 3),
(4, 'Substituição dos freios', 'Pastilhas de freio', TO_DATE('2023-08-10', 'YYYY-MM-DD'), 4),
(5, 'Reparo do vazamento', 'Vedação de óleo', TO_DATE('2023-09-30', 'YYYY-MM-DD'), 5),
(6, 'Troca do câmbio', 'Câmbio automático', TO_DATE('2023-01-10', 'YYYY-MM-DD'), 6),
(7, 'Reparo elétrico completo', 'Fiação principal', TO_DATE('2023-02-14', 'YYYY-MM-DD'), 7),
(8, 'Substituição das pastilhas de freio', 'Pastilhas e discos', TO_DATE('2023-03-17', 'YYYY-MM-DD'), 8),
(9, 'Revisão da suspensão', 'Amortecedores', TO_DATE('2023-04-25', 'YYYY-MM-DD'), 9),
(10, 'Troca do motor', 'Motor completo', TO_DATE('2023-05-20', 'YYYY-MM-DD'), 10),
(11, 'Vedação do óleo', 'Juntas de vedação', TO_DATE('2023-06-05', 'YYYY-MM-DD'), 11),
(12, 'Reparação elétrica', 'Sistema elétrico', TO_DATE('2023-07-28', 'YYYY-MM-DD'), 12),
(13, 'Troca dos pneus', 'Pneus novos', TO_DATE('2023-08-15', 'YYYY-MM-DD'), 13),
(14, 'Verificação e ajuste dos airbags', 'Módulo airbag', TO_DATE('2023-09-25', 'YYYY-MM-DD'), 14),
(15, 'Reparo do sistema de arrefecimento', 'Radiador e mangueiras', TO_DATE('2023-10-20', 'YYYY-MM-DD'), 15);